Country Code,Country Name,1960,1961,1962,1963,1964,1965,1966,1967,1968,1969,1970,1971,1972,1973,1974,1975,1976,1977,1978,1979,1980,1981,1982,1983,1984,1985,1986,1987,1988,1989,1990,1991,1992,1993,1994,1995,1996,1997,1998,1999,2000,2001,2002,2003,2004,2005,2006,2007
BWA,,0,0,0,0,0,0,0,0,0,0,0,0,0,0,0,0,0,0,0,0,0,40599.9999999999,42500,41299.9999999999,41300,44300,51300,53399.9999999999,63900,70299.9999999999,83299.9999999999,85299.9999999999,98299.9999999999,96599.9999999999,92299.9999999999,96099.9999999998,88900,94099.9999999999,111900,116200,122400,120600,125900,122500,121700,127900,133700,140300
EAP,,0,0,0,0,0,0,0,0,0,0,0,28990488.9004341,30845171.8709613,32413795.1133157,33307289.0644181,37967623.9921613,39718588.8086817,44744719.9576292,49973531.5577725,51341700.4946757,51254880.8106387,50806818.3853294,52602609.6820693,55383774.0360953,59333057.775345,61359059.9603359,64412134.7896801,68220461.9630294,72824173.7144171,75020153.0932881,81467830.0803006,81690876.5669417,85215858.0678403,91194855.0955822,95903636.6657227,104416950.929137,109270870.146487,111160533.941267,109889492.116992,111104405.3137,113226127.789123,113764379.197931,123655792.445017,141230691.743647,164141733.629806,179022961.749876,195082790.459931,207345688.516223
EAS,,0,0,0,0,0,0,0,0,0,0,0,63342199.4636511,67583404.1735156,73718944.492944,74837940.0598434,77940710.3059215,82320404.5661446,89245385.682455,94678809.1614819,98279940.3495059,97562916.9975022,95834970.2877149,97563722.7548864,100248506.358062,107210854.473052,108741549.657824,112974368.673655,117501757.400895,126336135.20436,131018497.147223,141367130.099714,142789928.941206,149084233.429713,157070580.109035,165454208.968226,175563765.619146,183281423.230935,187488263.122772,183781162.333586,188206362.122486,192975559.028631,193369229.008491,205390864.554559,224241465.043123,248981862.148538,263929179.127899,280522624.669488,294944212.098892
ECA,,0,0,0,0,0,0,0,0,0,0,0,0,0,0,0,0,0,0,0,0,0,0,0,0,0,0,0,0,0,0,145532395.806398,141823780.756771,126586832.875059,117591798.981605,104024889.568448,100775244.673618,98661257.9841994,94640086.5625196,92847569.2592878,92997187.72127,94813439.6801174,95353127.6932535,96056755.0787224,100320881.245228,100594580.881506,101694186.445475,105003318.198684,106264259.333103
ECS,,0,0,0,0,0,0,0,0,0,0,0,0,0,0,0,0,0,0,0,0,0,0,0,0,0,0,0,0,0,0,274140560.009955,271546292.055115,253187018.996302,242804141.430079,228845624.491443,228824003.089342,230880638.865093,225385899.858069,225004822.646043,224115842.682817,226515317.820582,229736005.841842,229628099.029506,237272766.158383,238511792.617658,239530100.597154,242112957.256441,241209262.727897
EMU,,34173849.0975433,35855420.9144781,39207800.3563839,42563665.3461638,45098683.8116372,46765390.7920508,48249003.9929702,50762391.5584025,55220407.2891362,60203715.587691,72592890.4732838,74088622.5713931,78160476.6775798,83973131.1059469,82815144.4983307,78851769.9501938,85453741.3482078,83615520.5517455,87039111.2748876,90528151.6665102,88442006.3193984,83786132.0531454,80155334.3150444,79545978.7994376,80268036.4323511,81084900.5742925,81307791.3807766,82912363.8983621,82845104.561629,84350346.3995546,84586699.9999999,85929000,84175799.9999999,83109599.9999999,83172699.9999999,86018299.9999999,88396700,87951400,89958799.9999999,89463699.9999999,90233300,92489500,92325499.9999999,94455099.9999999,95370900,95433200,94191199.9999999,93081700
ERI,,0,0,0,0,0,0,0,0,0,0,0,0,0,0,0,0,0,0,0,0,0,0,0,0,0,0,0,0,0,0,0,0,16899.9999999999,21399.9999999999,24200,26699.9999999999,29199.9999999999,26099.9999999999,19500,20500,20000,20800,20299.9999999999,24100,25900,26400,18399.9999999999,19100
HIC,,181777912.122433,186463511.222864,196989110.968662,209830165.285699,219732954.101044,229619230.030219,240705938.804889,253427572.798736,269217825.980834,287029309.628659,312998632.615324,319781081.952201,335186047.521511,353558860.677518,346044280.286193,335476184.98046,357451773.971592,363969057.359178,373225573.754907,382505729.483991,371645476.263468,358344714.431079,347058650.141799,345098302.860847,354232379.632535,357537037.208136,359211186.919032,369184763.093179,380738739.827143,386815967.932284,382667308.717712,385847797.920564,390700634.42811,397122099.003723,404909467.684903,411783525.293072,425054772.761898,430698343.062804,431887101.934441,439285172.39768,449743662.502607,450019712.15367,455385828.481161,461808396.452907,470283582.160737,472911671.135244,471063582.918972,476021242.05928
HPC,,0,0,0,0,0,0,0,0,0,0,0,1451836.07937697,1505557.34351902,1604979.51405797,1614513.14684937,1598018.4488452,1654766.26307976,1751918.52104932,1765991.97897948,1747984.00592905,1803369.87262198,1784605.26204841,1818199.96807528,1744352.14581804,1797468.09994158,1803975.18264048,1853307.94914839,1917773.46611885,1953335.42970584,1989805.35832058,2872108.32918165,2731489.32620171,2470779.65477125,2302326.81215158,2233621.23014946,2390899.06846756,2640888.05358375,2744084.38960301,2901086.30188898,3147764.17461951,3058226.17719104,3096303.96962596,3354570.73570623,3520816.1700688,3791775.5336274,3934705.21827438,3927255.2154067,4400744.2865539
KHM,,0,0,0,0,0,0,0,0,0,0,0,0,0,0,0,0,0,0,0,0,0,0,0,0,0,0,0,0,0,0,0,0,0,0,0,47199.9999999998,52099.9999999997,62199.9999999997,73799.9999999999,74899.9999999999,77599.9999999996,90799.9999999996,98100,107000,119600,127100,138900,149600
LAC,,0,0,0,0,0,0,0,0,0,0,0,15564541.4528532,16609309.0922442,18331907.4590054,19516532.2001093,20220028.4601234,21476135.7198807,22618953.7144512,24333331.0902872,25842985.7408918,27545933.9342222,27810008.2036931,28325424.2322997,27755168.1788638,28210831.6392833,28717425.1410435,29384829.2457769,30453758.5780087,31091687.4225961,31826764.3184808,32243127.4320392,33028432.5773563,34326045.8156864,34331058.615031,36644866.5364883,36851494.1254707,39019429.5860015,40770300.1410658,42690102.0340415,42893120.4074958,43587493.3727029,43666695.6023467,43875228.05508,43969869.706705,46311147.7685705,48111745.2931328,49269401.1737631,51801666.8906558
LCN,,0,0,0,0,0,0,0,0,0,0,0,16820806.9693261,17885677.0571061,19718275.3230764,20895307.4696233,21403796.0684597,22760864.2836245,23966323.1778479,25738360.1118119,27305127.088822,29094055.2786517,29355280.1985428,29940265.9993403,29396758.9432213,29782373.9551807,30205788.3019128,30904303.5292387,31943321.7559071,32635760.2509399,33383095.3275364,33884374.243991,34687429.865852,36087344.1934566,36045528.0356426,38426268.1535488,38639571.7565852,40963870.3609887,42830045.1477654,44953502.6001069,45229221.4534764,45988195.0173462,46111892.567924,46387611.4212935,46512235.9310345,49058798.7437203,50930535.2854772,52275553.0315182,55013996.3910203
LDC,,0,0,0,0,0,0,0,0,0,0,0,1367061.72328424,1396845.20309435,1503794.9715034,1512459.25653907,1400365.0688901,1485518.74525628,1504065.73041077,1548064.05285752,1598289.83017367,1763858.90202717,1738678.32364226,1804337.35867819,1843597.40024606,1919951.41212289,2014852.40915422,2134798.60511677,2175953.9590362,2348562.76248118,2359528.49822945,2530377.36877655,2556911.74169828,2586435.69128259,2635309.83298568,2774144.62013131,3146211.29030509,3283888.21225423,3469849.93147462,3588212.93451527,3935602.47596421,4020296.62036704,4354244.71825127,4568263.81966983,5002174.49785078,5460488.57357152,5905883.20353592,6029205.18575576,6396952.64172987
LIC,,0,0,0,0,0,0,0,0,0,0,0,4168415.14896416,4290884.99372429,4450453.89087376,4599709.53793815,4625062.94439725,4952508.63459801,5142730.80283362,5394116.27365703,5704229.9741315,6074934.0188557,6193393.15524942,6402379.70905646,6513390.38705539,6769932.48292136,7082481.25633255,7177878.81961941,7155819.9236041,7279005.96628681,7334582.92507855,8062578.21378008,7757929.63966697,6951074.41522723,6550934.82625707,6042849.99834901,6082604.39971412,5890191.06705139,5954243.95012841,6045929.98554677,6284823.04449799,6415093.61982161,6657170.22166929,6679200.33851288,6964318.44032084,7335264.85861771,7941411.42610585,8175338.15813857,7991074.69529082
LMC,,0,0,0,0,0,0,0,0,0,0,0,43518024.7846365,46198083.6313244,48562783.8269496,50390174.5817688,56748030.2433758,59847995.9895766,66769114.5213463,73237027.4140501,76003760.9210459,76606688.466265,77773980.6781764,81689765.5434314,85935599.6801407,92070525.1773119,96335758.3753497,100792406.796954,107825806.973668,115479977.289782,120217761.430628,139670194.008462,140626705.399523,141680468.659204,145920086.352116,149288162.195495,159783511.37117,165136391.137796,167588426.864633,167552083.257416,172507599.540143,174454851.758425,175951684.86676,188341431.984294,208349040.794154,234835979.844757,250641421.991858,269185621.731045,285894620.31797
LMY,,0,0,0,0,0,0,0,0,0,0,0,106813384.488581,112873671.396544,121216301.643902,126865558.63436,137914490.582513,146238989.475627,158861722.972126,171967696.475204,179700167.236277,185115766.252917,189027118.668087,198225025.102196,203182750.72638,214197449.740933,221979386.979761,230943994.224939,243354953.65685,254769460.940524,263097358.553395,312078751.118894,312195778.207639,303302370.207299,303035758.867395,298990177.520773,308402471.65544,315332080.447444,316920278.216491,318380598.019052,324162848.840964,330788608.244666,333650523.209595,347079835.927647,373783347.31414,405733297.805487,427055809.661584,452710073.726858,475319566.447573
MEA,,0,0,0,0,0,0,0,0,0,0,0,6403471.65997811,6809363.77966105,8015866.02529598,8434945.61216108,8991134.59064526,10125256.7683109,11183173.5058476,12413030.6551944,14812646.3439053,16621644.7046946,18783785.3164382,21309638.2864196,21852136.4592795,22762877.0363557,24092495.8649203,25284300.6280468,26538720.6933666,28270607.6048312,29997863.8026288,29428990.6954045,31852363.9585809,34103696.1422588,36278218.8796772,38527235.7065217,39864505.2794056,41223015.7345448,41789573.4849357,44802658.0668379,46330692.9092654,48181166.357681,49980500.6203825,53194417.2406696,55916068.864615,59338266.9322295,62306957.0635415,65565368.8021073,69302153.3960138
MIC,,0,0,0,0,0,0,0,0,0,0,0,103164743.431072,109144687.957488,117386742.249809,122922125.006094,134044443.136246,142081718.975397,154609164.160674,167556349.485393,175015408.619944,180068997.160068,183882480.533923,192932623.566534,197812518.453881,208643299.075996,216140570.489289,225080706.477871,237628655.781917,249010099.953243,257351897.888451,303417895.432432,303766924.312232,295599389.777303,295643834.840576,292021763.29262,301482629.057938,308516613.370495,310043331.460293,311421228.976233,316975152.459984,323452567.937198,326103685.795165,339423428.81887,365718515.903128,397156258.804189,417853781.776953,443147246.066473,465747057.969147
MKD,,0,0,0,0,0,0,0,0,0,0,0,0,0,0,0,0,0,0,0,0,0,0,0,0,0,0,0,0,0,0,242900,234800,241600,247100,221000,222000,258100,230200,262200,240400,233600,231800,223700,238800,234900,247100,244100,256900
MNA,,0,0,0,0,0,0,0,0,0,0,0,4139390.79399593,4352859.63416896,5016163.1446639,5659811.71686098,6152502.25780138,6994625.18116077,7627331.82894461,8011920.20924686,9270444.14499881,9750267.7933421,10803022.7616563,12499730.2445124,12445223.250676,13714182.5402665,14615675.5349793,14964702.6609384,15584542.4161253,15980275.3490706,17212761.5572836,18030265.1507133,19164274.0392072,19885630.5375612,21103020.9426486,22326692.8228621,23312681.7894326,23628984.4562671,23919046.7673327,25827703.3786377,26941044.1876844,27899273.086762,29018388.8003602,30537593.953846,32364591.3885115,34203746.5169695,35675536.6646646,37801309.4242804,39775212.3256051
MNG,,0,0,0,0,0,0,0,0,0,0,0,0,0,0,0,0,0,0,0,0,0,0,0,0,0,303200,328200,346800,370000,349700,331200,373100,325100,302400,260000,258000,215400,211200,212900,214600,225100,224800,240400,231600,238600,247800,278100,296700
NAC,,103725258.696563,105124661.696698,109996216.490604,116124143.315438,120937385.483438,126259937.927807,133413586.843011,139644836.039309,146657054.331814,153409816.446608,160598272.898375,163761957.90261,171805199.433296,177535640.194051,172595870.630213,167926159.539707,178551860.227027,183240275.367353,187077206.143436,187578214.622291,180563295.745053,174371955.189815,165731684.389756,164425101.487121,170585135.263784,171245678.285219,169737451.722498,176377289.386778,182806481.44186,185955563.284204,180935476.329965,180515685.436422,184124366.791711,188987919.853076,192447768.983063,194093325.280556,199162422.846621,203607985.404264,204558691.252044,209286314.881831,215550471.203211,212565324.856345,214826714.494687,215610584.218942,219497225.758448,220579360.063248,217600615.102416,220628570.718388
NOC,,0,0,0,0,0,0,0,0,0,0,0,5122591.79960771,5674265.08101948,6427291.66181241,6379001.62885355,6227055.61255112,7295519.14385425,8167346.65406011,9751234.90733031,11194846.2011056,13201179.1385891,14394029.8499046,15507804.0805136,16741620.6295576,16493591.1029462,17007277.8802824,18387702.472834,19324206.3510901,21648086.6004214,22630894.2892011,21345863.4476585,23001401.2486477,24726132.1788235,26352821.4337882,27862164.3474055,28076684.7385197,29612056.4154672,30743765.3544336,32522397.5153393,33464204.9351749,34724105.5335432,36055910.5906115,38424419.6004907,39817175.3450241,42595854.2837169,44698761.4544461,46255932.2206829,48884078.144782
OEC,,177924504.386664,182510776.106726,192813249.582612,205382093.610385,215074958.774494,224751661.099821,235603348.969819,248055304.198676,263510828.68326,280944736.705572,306363550.618164,312827076.240428,327651108.648745,345254384.289066,337845071.628908,327492801.127856,348412624.337366,354169170.432189,362066422.718718,370100254.042877,357717521.866564,343571978.870989,331487137.190973,328548885.519265,337802415.712463,340663566.314541,341209481.940022,350339650.421813,359917205.369975,365148062.353685,361807400,363451600,366699200,371601000,377972700,384627800,396442500,401025200,400570300,407077200,416341800,415389000,418554700,423673300,429560300,430241300,426963100,429482200
SAS,,0,0,0,0,0,0,0,0,0,0,0,6658395.31138287,6851308.97141092,7097871.38582218,7629820.97110614,8013328.89012702,8480032.71585101,8819068.64110689,8872616.55196673,9633581.77861184,10136387.5856688,11179210.459872,12084886.142419,12704166.2188605,13541772.5231957,14784971.4781495,15599988.8332708,16871827.348835,18247938.0674673,19672251.9902257,20856558.3275859,22024830.5447451,23434421.3131052,24454050.1769547,25773688.522552,28031171.6346216,29511756.2433683,31022493.0655748,31804030.3709684,34448046.707757,35293619.6504312,35876495.2149698,37077339.8901474,38425516.952832,41457982.5412821,43104152.215249,45766219.5427042,49479076.3827014
SRB,,0,0,0,0,0,0,0,0,0,0,0,0,0,0,0,0,0,0,0,0,0,0,0,0,0,0,0,0,0,0,1753800,1468000,1324400,1111400,1012700,1183400,1399500,1519000,1503700,1020700,1121900,1231800,1322300,1423600,1569300,1336000,1404600,1409500
SSA,,0,0,0,0,0,0,0,0,0,0,0,6375990.8582455,6548534.60852511,7076848.2449801,7312557.40586005,7549427.69561126,7932948.56181149,8151473.01539571,8663414.73476497,8910735.18435817,9510922.6979485,10407868.2539858,11261992.5391987,11376176.56595,11914241.3161228,12010956.4593488,12364614.584758,12965729.2787802,13372141.1186763,12895043.9288865,12837778.3835553,13484832.346084,12990887.7461434,13648549.3528971,13718388.5053288,14495708.6269572,14710518.6724102,14911291.8536182,14821547.9674622,15316750.1290206,15482661.262145,15472306.1983578,15275790.0989289,16897508.1442742,18448236.4745448,18777527.5029788,18978760.9092441,19812228.4878522
SSF,,0,0,0,0,0,0,0,0,0,0,0,6382526.94293267,6555247.56933854,7084102.7847804,7320053.57320833,7557166.68079101,7941080.69762721,8159829.16256382,8672295.67792273,8919869.65789882,9520672.42902388,10418537.451893,11273537.3074738,11387838.385282,11926454.7103946,12023268.9971704,12377289.6606555,12979020.5626733,13385849.0189452,12908262.7526015,12850938.5038528,13498655.767128,13004204.8202042,13662540.6016945,13732451.3468597,14510568.3062279,14725598.5553606,14926577.5509345,14836741.6675261,15332451.4652053,15498532.6753013,15488166.9964465,15291449.446624,16914829.9294976,18467147.925111,18796776.5126942,18998216.205106,19832538.1787092
UMC,,0,0,0,0,0,0,0,0,0,0,0,0,0,0,0,0,0,0,0,0,0,0,0,0,0,0,0,0,0,0,163753317.988813,163141178.618389,153930579.288014,149744765.104696,142765796.393389,141744907.755399,143430684.900214,142509243.25146,143921993.207644,144525706.748362,149053558.303751,150208449.248449,151152291.582658,157457230.700251,162434602.737289,167340553.754785,174105058.504456,180009798.829001
WLD,,0,0,0,0,0,0,0,0,0,0,0,465828014.157513,488971832.536571,517431523.97351,512758103.763871,508572220.413782,541340952.199642,558865853.724478,580049099.958733,597129375.62558,588261829.274591,575293055.255632,568826359.270416,570287198.680214,589716617.353293,599615722.345695,608524160.345565,630037763.126073,652679427.244322,666377643.72711,692951129.33878,696252160.75336,692291891.325979,698461558.287446,702251743.521601,718461121.585134,738629609.341979,745858095.018481,748497796.367573,761645265.270092,778695019.325236,781811341.790263,800511687.817099,833441947.076785,873634047.453632,897424313.163331,921029616.926481,948430207.214846
AGO,,0,0,0,0,0,0,0,0,0,0,0,60999.9999999998,88199.9999999999,82999.9999999998,88299.9999999998,73399.9999999997,68499.9999999998,57099.9999999997,90099.9999999998,89299.9999999997,91099.9999999998,88000,75299.9999999997,82099.9999999997,80299.9999999997,101300,100300,105400,118500,121600,149899.999999999,153599.999999999,145899.999999999,156600,152200,144800,153600,159399.999999999,147299.999999999,171900,182099.999999999,201700,222099.999999999,252799.999999999,296800,255500,304900,361400
ALB,,0,0,0,0,0,0,0,0,0,0,0,126800,148100,128500,135800,148700,164900,174200,200200,167700,246600,209200,208300,223100,238400,220000,223300,222300,233100,229500,203600,129800,75600,70500,77199.9999999999,65399.9999999999,63999.9999999999,49699.9999999999,57300,100200,102900,107500,126800,135500,128000,158700,142800,147300
ANT,,0,0,0,0,0,0,0,0,0,0,0,547000,533900,598100,557200,384200,423600,419800,371300,374100,392500,371600,410500,436900,301800,178400,169400,144600,131000,139100,145800,145300,151100,127700,130100,131400,134800,233600,267300,196700,198000,206200,201000,192900,203800,195000,191900,217500
ARE,,0,0,0,0,0,0,0,0,0,0,0,101200,105100,130500,134100,193700,246100,409900,475600,550900,715400,867700,942100,894599.999999999,1171400,1334500,1512700,1682200,1733800,2001000,1987600,2287700,2162200,2293800,2556100,2722700,3069500,3022800,3134800,3212700,3367600,3368100,3801900,4007300,4216500,4309500,4536300,5161900
ARG,,0,0,0,0,0,0,0,0,0,0,0,3126100,3189700,3324400,3323100,3294700,3426000,3529300,3537900,3756400,3775400,3676100,3714800,3726400,3832900,3603000,3881100,4079300,4316400,4249900,4084700,4219600,4436600,4376699.99999999,4651100,4696000,4870400,5095300,5217500,5328500,5380600,4963500,4730699.99999999,5053100,5537699.99999999,5579900,6028100,6535800
ARM,,0,0,0,0,0,0,0,0,0,0,0,0,0,0,0,0,0,0,0,0,0,0,0,0,0,0,0,0,0,0,748000,784100,383000,179900,106100,138500,102600,131500,136700,119600,141100,142800,116000,130200,140200,171000,172600,201200
AUS,,2704600,2817200,2967600,3133200,3290600,3472300,3687400,3899700,4072400,4198600,4651700,4706000,4854800,5254800,5411200,5541500,5681000,6143999.99999999,6158999.99999999,6310100,6485800,6501499.99999999,6794600,6509900,6739200,6766000,6913999.99999999,7263699.99999999,7387799.99999999,7886899.99999999,8096700,7977999.99999999,8182299.99999999,8549800,8570599.99999999,8684100,9267299.99999999,9471900,9757400,9974400,10236100,10057700,10380500,10493700,10532500,11413100,11607400,11709300
AUT,,931000,953800,1044400,1150100,1193800,1184600,1218900,1242800,1342500,1453100,1606900,1697100,1786400,1928000,1839500,1778800,1943500,1867200,1916700,2061900,1988800,1841000,1773700,1772700,1827700,1870800,1848300,1913600,1815500,1830800,1961600,2086900,1958200,1972500,1982800,2083100,2218800,2208000,2251200,2195400,2179700,2316500,2369500,2539100,2540200,2594200,2539500,2409600
AZE,,0,0,0,0,0,0,0,0,0,0,0,0,0,0,0,0,0,0,0,0,0,0,0,0,0,0,0,0,0,0,2591199.99999999,2624400,1642200,1501500,1571800,1257500,1155300,1101900,1148600,1086600,1125500,1122100,1115000,1164000,1228700,1298600,1328000,1172300
BEL,,2304100,2361099.99999999,2593299.99999999,2828999.99999999,2834399.99999999,2946700,2905200,3043100,3449800,3740299.99999999,3985900,3969099.99999997,4347499.99999999,4600999.99999998,4507600,4058900,4302900,4206200,4438800,4605300,4364300,4006600,3727900,3456500,3532700,3490400,3521800,3568200,3594700,3672800,3664800,3871300,3894000,3803000,4109100,4166300,4411500,4322300,4460900,4426700,4449900,4425500,4216700,4489700,4436200,4401200,4305000,4166400
BEN,,0,0,0,0,0,0,0,0,0,0,0,9999.99999999999,13200,13500,14000,15300,9300,11100,12700,12800,13100,9799.99999999999,11900,11900,12500,15700,13600,11900,11800,8899.99999999999,7999.99999999998,6499.99999999999,6808.32,6800,6993.09,6999.99999999999,28699.9999999999,38700,38099.9999999999,48200,50499.9999999998,58899.9999999998,67299.9999999998,77599.9999999998,81800,83599.9999999998,101900,106000
BGD,,0,0,0,0,0,0,0,0,0,0,0,121500,121600,153800,166999.999999999,166000,196200,199899.999999999,213900,231799.999999999,270200,280400,316600,309599.999999999,328400,371299.999999999,416399.999999999,460000,509099.999999999,545300,579599.999999999,560999.999999999,613699.999999999,678999.999999999,715999.999999999,864799.999999999,896499.999999999,944899.999999998,1002400,1009600,1089900,1239500,1281300,1363600,1429000,1549000,1607000,1705300
BGR,,0,0,0,0,0,0,0,0,0,0,0,1855300,1889400,1976300,2037100,2182000,2224900,2365000,2485200,2582600,2593700,2493700,2581500,2602300,2614600,2624600,2681900,2655700,2638400,2583500,2409100,1813000,1703200,1806100,1697600,1820000,1778300,1600000,1523800,1363600,1351500,1428500,1343300,1449300,1391900,1450600,1481400,1574900
BHR,,0,0,0,0,0,0,0,0,0,0,0,140900,136800,203500,226999.999999998,213200,272000,250700,255900,302499.999999998,280900,310300,350100,337100,359800,415900,355400,351500,407700,416600,435000,404100,432400,465600,494800,493000,496400,541400,581400,565400,586400,606900,643300,675200,697000,750000,828200,877400
BIH,,0,0,0,0,0,0,0,0,0,0,0,0,0,0,0,0,0,0,0,0,0,0,0,0,0,0,0,0,0,0,658299.999999999,592300,405600,335100,100400,105300,131300,232400,290800,285200,383000,367500,387400,391700,428500,446600,490200,512700
BLR,,0,0,0,0,0,0,0,0,0,0,0,0,0,0,0,0,0,0,0,0,0,0,0,0,0,0,0,0,0,0,4039400,3873300,3662900,2988000,2531500,2302700,2336600,2338900,2266500,2228400,2251900,2248200,2313000,2381400,2495900,2471400,2628300,2567200
BOL,,0,0,0,0,0,0,0,0,0,0,0,76300,84799.9999999999,89599.9999999999,97499.9999999999,115700,125900,135400,152500,168500,161200,165500,173200,164000,164200,158600,150900,161900,162300,183100,191800,197600,212400,224800,257600,303500,351000,361100,396600,384900,404800,347900,327800,341000,399899.999999999,384200,384000,444800
BRA,,0,0,0,0,0,0,0,0,0,0,0,3031400,3401900,4046400,4364900,4755599.99999999,5194300,5355600,5930799.99999999,6301700,6240499.99999999,5758699.99999999,5797200,5662400,5735599.99999999,6229900,6757000,6947099.99999999,7114900,7206600,7122999.99999999,7367200,7548099.99999999,7819399.99999999,8234599.99999999,8725099.99999999,9476600,10092600,10456400,10749000,10992100,11181300,11199200,10847400,11481400,11721000,11912100,12394000
BRN,,0,0,0,0,0,0,0,0,0,0,0,16100,16200,33000,58000,72700,96399.9999999999,104400,97499.9999999999,101700,134200,129100,139000,147000,169400,177700,162500,166900,136200,157900,176000,199700,214700,207200,194100,231299.999999998,231900,239400,238300,242999.999999999,245300,227900,222400,257900,259600,253999.999999998,272600,276700
CAN,,6333799.99999999,6583700,6987600,7596900,8093700,8742299.99999999,9053799.99999999,9731400,10445000,10920900,11692000,11894900,12812100,13192400,13293100,13948000,14246200,14547800,14717800,15495000,15529500,14937800,14273200,13823600,14501000,14551600,14442000,14971200,15638100,16302100,15551800,15236900,15843100,16180700,16548000,16958900,17465200,18006900,18187300,18643500,19271800,19040200,18868800,20167200,20372600,20607100,20280300,20352800
CHE,,555700,591300,664800,847100,828900,905099.999999999,931599.999999999,985599.999999999,1078600,1176600,1296100,1357800,1379400,1492500,1350100,1291900,1344500,1356200,1395800,1350700,1370500,1293300,1227300,1336100,1316700,1342200,1424300,1344900,1362200,1304100,1424600,1451200,1459700,1393600,1406000,1346700,1379100,1430500,1439400,1414600,1359800,1488400,1410400,1398900,1409500,1440500,1460000,1325900
CHL,,0,0,0,0,0,0,0,0,0,0,0,689500,698900,669500,649600,567399.999999999,603300,622599.999999999,639099.999999999,682200,700799.999999999,712399.999999999,620000,624799.999999999,655699.999999999,640299.999999999,667899.999999999,681099.999999999,810700,967800,1038200,1001700,1097500,1154600,1278300,1377500,1558600,1793200,1893100,2049300,2018000,1939400,2008800,2057300,2253900,2278300,2326800,2393100
CHN,,0,0,0,0,0,0,0,0,0,0,0,23489100,25100000,26231100,26955100,31213100,32592000,36793300,41136099.9999999,41832800,41354899.9999999,40638200,42204600,44354800,48099400,49544099.9999999,51772500,55193200,58973500,60266100,65157899.9999999,64319099.9999999,67029999.9999999,71880799.9999999,75698999.9999999,82245000,85976200,86192099.9999999,85919699.9999999,85973700,86708400,85840100,94529499.9999999,110454600,131645200,144404100,159586500,169917200
CIV,,0,0,0,0,0,0,0,0,0,0,0,81599.9999999999,90100,93299.9999999997,98099.9999999998,106100,122700,123100,139000,130700,123100,110300,100300,89599.9999999998,92300,92199.9999999999,123300,123200,117100,118000,100700,102200,127400,136000,138200,122700,178900,187200,179599.999999999,283800,246600,219300,260800,212400,232100,245799.999999999,210699.999999999,226599.999999999
CMR,,0,0,0,0,0,0,0,0,0,0,0,24300,25400,26400,27400,34600,32299.9999999999,46400,48900,53099.9999999998,56899.9999999999,63499.9999999996,71299.9999999998,77399.9999999998,82299.9999999998,89199.9999999999,87099.9999999996,86699.9999999997,91099.9999999997,98099.9999999995,93099.9999999997,87399.9999999995,81799.9999999999,87599.9999999997,91999.9999999996,89000,88899.9999999999,94299.9999999996,98199.9999999995,87800,101000,99099.9999999995,103300,113200,117000,108199.999999999,113500,199500
COG,,0,0,0,0,0,0,0,0,0,0,0,19200,20300,21800,21900,22100,26600,23500,25200,25600,27000,27099.9999999999,30200,36399.9999999999,32000,34200,30899.9999999999,31000,27300,29299.9999999999,27900,28400,27900,27000,18899.9999999999,21900,19300,14900,14100,12400,21299.9999999999,27100,22300,33799.9999999999,35499.9999999999,47699.9999999999,44399.9999999999,48999.9999999999
COL,,0,0,0,0,0,0,0,0,0,0,0,879600,937799.999999999,980399.999999999,1063700,1030200,1087700,1120000,1162000,1107900,1257300,1286700,1317100,1378100,1416900,1422900,1473300,1521100,1564200,1556100,1632200,1670600,1773500,1843400,1876500,1918400,1976300,2080700,2219500,1889000,1962800,1973800,1891500,1911000,1956900,2058900,2159600,2078000
CRI,,0,0,0,0,0,0,0,0,0,0,0,46400,49899.9999999999,56399.9999999999,53399.9999999999,59799.9999999999,58299.9999999999,74200,80899.9999999999,82600,73699.9999999999,64500,61599.9999999999,58500,62699.9999999999,65799.9999999998,68400,74499.9999999999,75399.9999999999,90000,93399.9999999999,99599.9999999998,140100,132300,138400,144800,137600,139600,155100,161700,163200,169000,170400,195300,188500,178200,202400,224400
CUB,,0,0,0,0,0,0,0,0,0,0,0,724999.999999999,734999.999999999,841999.999999999,925100,943599.999999999,1007000,985599.999999999,1022200,1051800,1081400,1107100,1152800,1171200,1016100,1026300,1024300,1087000,1110500,1148100,1061000,826099.999999999,645100,630199.999999999,674799.999999999,723900,746899.999999999,786099.999999999,768599.999999999,788299.999999999,817500,795399.999999999,764800,775999.999999999,765800,788800,847300,859500
CYP,,0,0,0,0,0,0,0,0,0,0,0,57800,73700,77300,59000,55800,64900,70699.9999999999,74800,81299.9999999999,85800,84399.9999999999,85800,89000,91899.9999999999,91300,103300,117700,120300,125200,135500,138400,156200,167600,195600,170100,189100,185300,193000,194100,209100,206900,209600,228000,212800,216400,225200,235500
CZE,,0,0,0,0,0,0,0,0,0,0,0,4512100,4539900,4506500,4159900,4348900,4482300,4801199.99999995,4535799.99999998,4826700,4676600,4689800,4772000,4787900,4861200,4839600,4830900,4848800,4734700,4581100,4543500,4111300,3941700,3787400,3621100,3704300,3818800,3858700,3707600,3420600,3678500,3736500,3686000,3740200,3807700,3756800,3803100,3798200
DEU,,14078000,14493600,15602200,16925600,17527000,17904700,18082600,18153300,19558000,21302600,29536400,29912800,30870000,32673600,31911700,30169300,32558700,32264100,33330800,34713300,33607400,32072000,30675000,30564000,31181100,31407500,31620800,31587700,31440000,30737300,30517200,30012700,29074400,28817700,28688300,28918900,29923700,29228500,29156100,28168800,28206000,29043000,28248300,28456000,28325900,27902700,27830600,26765900
DNK,,879500,925199.999999999,1059300,1168500,1220500,1328300,1466200,1468900,1560700,1838099.99999999,1961499.99999998,1834500,1909900,1865500,1725700,1702000,1853000,1903600,1912700,1977000,1859200,1607200,1651400,1530700,1580800,1831800,1855100,1822200,1715500,1552800,1553400,1811200,1671200,1735800,1852800,1795500,2162500,1918700,1854400,1742600,1639800,1689800,1667300,1800400,1657500,1545500,1740400,1616800
DOM,,0,0,0,0,0,0,0,0,0,0,0,112900,148300,165900,177200,182500,185100,195000,198500,207300,210800,199700,189700,226500,236300,229100,241600,288300,288300,295300,306900,308400,353600,352400,422100,445600,468600,532900,586500,588699.999999999,630700,624499.999999999,657000,642000,604900,610899.999999999,620599.999999999,635200
DZA,,0,0,0,0,0,0,0,0,0,0,0,343000,397100,475200,513700,548400,626100,702400,865400,1096800,1117500,1215200,1582100,1712300,1694400,1767600,2000600,1974500,2087500,2069100,2218100,2348499.99999999,2416099.99999999,2415199.99999999,2329499.99999999,2407300,2333100,2399800,2479900,2651700,2695700,2701800,2876300,3067900,3095700,3219000,3462200,3676800
ECU,,0,0,0,0,0,0,0,0,0,0,0,115700,126900,131700,186200,218600,254900,322000,335900,358200,397600,424300,454500,409100,433300,443200,439600,440000,464400,436700,474299.999999999,492600,499100,464900,488199.999999999,563100,660200,679099.999999999,670500,594699.999999999,671499.999999999,715000,747299.999999999,806600,858199.999999999,862700,964200,1022600
EGY,,0,0,0,0,0,0,0,0,0,0,0,668700,748000,688300,778299.999999999,855300,1002300,1093200,1138600,1259500,1352400,1598200,1759300,1976000,2206200,2403000,2465800,2639600,2703700,2887500,2991400,3041000,3122100,3330700,3106900,3312900,3525000,3655900,3938400,4331200,4269000,4383100,4911500,5225300,5342300,5833900,6123099.99999999,6440599.99999999
ESP,,1483600,1580100,1742500,1776400,1997200,2120500,2337500,2698700,3092500,3245900,3547000,3941200,4070500,4757500,5148600,5332300,5798800,5556100,5939600,6012699.99999999,6365499.99999999,6415700,6223699.99999999,6257300,6020100,6057500,6000199.99999999,6069800,6348799.99999999,6839999.99999999,6972799.99999999,7284000,7538600,7091399.99999999,7572899.99999999,8025999.99999999,7733899.99999999,8454699.99999999,8815699.99999999,9411000,9823600,9982000,10486900,10763000,11377700,11839200,11670800,11979300
EST,,0,0,0,0,0,0,0,0,0,0,0,0,0,0,0,0,0,0,0,0,0,0,0,0,0,0,0,0,0,0,958699.999999995,851700,619100,478600,485800,437600,459100,448800,436600,405800,400100,409800,392400,446000,460900,466000,447700,514200
ETH,,0,0,0,0,0,0,0,0,0,0,0,47899.9999999999,43999.9999999999,46600,46400,41099.9999999999,41499.9999999999,41000,45799.9999999999,48299.9999999999,50200,53599.9999999999,49799.9999999999,52499.9999999999,48799.9999999999,50099.9999999999,58200,71599.9999999999,72399.9999999999,76800,81399.9999999999,80699.9999999999,54099.9999999999,68499.9999999999,79299.9999999999,90200,98199.9999999999,95399.9999999999,98300,97699.9999999999,106900,133800,139600,151600,156700,162300,177400,194300
FIN,,440400,453599.999999999,504199.999999999,579499.999999999,673700,768100,858899.999999999,898099.999999999,1023900,1191500,1279600,1296300,1419200,1577700,1530700,1510000,1667000,1636800,1684100,1708600,1779500,1431700,1349800,1279900,1274200,1489700,1581100,1771000,1598500,1663500,1574200,1628600,1463100,1559700,1728700,1531200,1731100,1718500,1677100,1648700,1583900,1649200,1767100,1980200,1961600,1666800,1909300,1824600
FRA,,7567300,7903199.99999999,8597200,9240300,9926000,10071600,10167200,10924200,11534200,12496100,13762000,14258900,15031400,16260500,15680500,14558900,15877100,15213900,16080700,16580900,16084800,14564300,14004000,13559700,13118600,13113100,12686700,12817300,12547000,12943800,13015400,13701300,13048300,12807800,12125900,12661500,13439900,12794700,13673700,13457600,13283300,13880900,13777400,13992600,14119700,14149100,13783100,13506600
GAB,,0,0,0,0,0,0,0,0,0,0,0,58399.9999999999,55299.9999999999,93599.9999999999,104400,75299.9999999999,68599.9999999999,77499.9999999999,94900,75799.9999999999,76100,90099.9999999999,92699.9999999999,95299.9999999999,81999.9999999999,64199.9999999999,65299.9999999999,59199.9999999999,68199.9999999999,49999.9999999999,37800,39000,45000,50499.9999999999,37599.9999999999,44899.9999999999,51599.9999999999,48299.9999999999,56899.9999999999,50599.9999999999,46899.9999999999,50499.9999999999,51400,53299.9999999999,54699.9999999998,64799.9999999999,65499.9999999998,73200
GBR,,15806600,15775000,16310000,16956900,17106000,17663500,17506600,17736000,18086400,18929800,19790400,20119900,20222000,21043900,20089600,19113000,19358700,19689500,19650800,20670700,18844800,18218000,17951900,17690400,17554600,18451200,18778100,18979900,18934000,18612500,18792600,19301900,19019200,18902600,19027700,19050900,19833400,19084800,19286800,19434300,19815300,19762000,19230500,19642300,19740400,19639100,19450300,18943600
GEO,,0,0,0,0,0,0,0,0,0,0,0,0,0,0,0,0,0,0,0,0,0,0,0,0,0,0,0,0,0,0,1072200,859200,722500,588699.999999999,373500,254300,226600,196700,179300,154900,169200,141500,126100,141000,149400,184300,213600,236400
GHA,,0,0,0,0,0,0,0,0,0,0,0,65899.9999999998,69600,74799.9999999997,78099.9999999998,84799.9999999999,75999.9999999998,89099.9999999997,87200,76299.9999999999,75599.9999999999,87399.9999999997,95599.9999999999,42299.9999999998,64499.9999999999,85199.9999999998,78999.9999999995,99899.9999999999,72699.9999999998,95399.9999999997,96499.9999999998,90599.9999999997,91199.9999999995,103400,108899.999999999,121500,129299.999999999,146899.999999999,194899.999999999,190699.999999999,180500,203999.999999999,224300,232400,207100,233099.999999999,280500,302199.999999999
GIB,,0,0,0,0,0,0,0,0,0,0,0,3300,2900,3000,2900,3200,2800,2700,2600,3600,3800,2800,3400,3600,3400,3800,4600,5000,5800,5500,5800,7700,9300,9400,10700,10600,10700,11200,11800,12300,12800,12900,13100,13500,14000,14300,14900,15400
GRC,,236700,265900,290300,304600,362300,402300,456400,512500,558000,619200,699599.999999999,801299.999999999,940699.999999999,1116600,1060400,1112000,1212600,1306000,1366700,1448500,1418600,1387500,1423100,1493200,1544000,1679600,1584500,1712700,1837000,2040700,2027500,2033200,2089200,2059400,2119100,2128400,2187500,2275200,2410400,2422500,2562200,2643200,2664200,2739000,2786200,2825600,2807400,3007200
GTM,,0,0,0,0,0,0,0,0,0,0,0,81299.9999999998,84699.9999999999,91599.9999999998,94099.9999999997,89799.9999999998,98099.9999999998,114800,123000,142800,143100,124100,107000,97200,112800,114400,86199.9999999998,96199.9999999999,105500,108700,124400,131700,150800,154400,182700,199700,211500,225000,269700,283200,306000,322000,333400,318100,334600,357099.999999999,360300,381000
HKG,,0,0,0,0,0,0,0,0,0,0,0,295300,309000,312400,344600,358900,399500,452800,498700,449700,465700,524200,580600,626200,657299.999999999,679499.999999997,748099.999999999,810099.999999994,921499.999999995,967499.999999993,887999.999999999,967100,1085799.99999999,1183799.99999999,989399.999999999,1010100,1001600,1028600,1302700,1450600,1227300,1297900,1244200,1278300,1238400,1249700,1275900,1309900
HND,,0,0,0,0,0,0,0,0,0,0,0,37700,38199.9999999999,41599.9999999999,40799.9999999999,42700,46599.9999999999,52500,52800,54999.9999999999,55499.9999999999,52799.9999999999,64499.9999999999,57199.9999999999,61399.9999999999,54399.9999999998,58899.9999999999,63099.9999999999,69500,75099.9999999999,71499.9999999998,71700,80799.9999999998,84999.9999999998,98199.9999999998,116500,114400,118100,141800,142800,144900,169100,178900,199600,215400,224100,206800,262400
HRV,,0,0,0,0,0,0,0,0,0,0,0,0,0,0,0,0,0,0,0,0,0,0,0,0,0,0,0,0,0,0,778999.999999999,609000,584600,607800,586800,602900,602800,660500,691899.999999999,686499.999999999,656599.999999999,681600,718099.999999999,767300,753600,756000,757200,807700
HTI,,0,0,0,0,0,0,0,0,0,0,0,12600,11900,12200,13600,13900,19399.9999999999,19899.9999999999,21599.9999999999,22099.9999999999,20500,16500,20999.9999999999,23999.9999999999,24999.9999999998,25000,24099.9999999999,26600,28899.9999999999,31000,30799.9999999999,28999.9999999999,27099.9999999999,22500,6300,30099.9999999998,34699.9999999999,46000,42300,45800,46899.9999999999,51099.9999999999,57600,54499.9999999998,63400,66399.9999999999,68000,77199.9999999998
HUN,,0,0,0,0,0,1372200,1403100,1433600,1476700,1568300,1709600,1811000,1861500,2022700,2098700,2207700,2359900,2495900,2769400,2714800,2719200,2690600,2685100,2575100,2620800,2653000,2624900,2639300,2540600,2505900,2336300,2230600,2033200,2106900,2025000,2111800,2171000,2128300,2110400,2084300,2013500,2072400,2068200,2172900,2141800,2217400,2188300,2110800
IDN,,0,0,0,0,0,0,0,0,0,0,0,865400,981199.999999997,1115500,1246900,1342100,1481700,1935300,2223200,2410700,2588400,2814600,2877000,2904400,3121100,3270899.99999999,3798300,3893800,4201400,4671899.99999999,5595600,6047400,6443399.99999999,6885600,7300500,8010499.99999999,8432500,9010400,8571899.99999999,9372899.99999999,9595200,10125000,10416000,10678000,11351300,11748700,12171600,13125600
IND,,0,0,0,0,0,0,0,0,0,0,0,5769699.99999999,5922799.99999999,6085999.99999999,6559299.99999998,6897999.99999999,7355699.99999998,7617899.99999999,7609599.99999999,8247999.99999999,8620499.99999998,9527000,10248700,10777100,11558500,12643700,13322600,14258200,15454200,16664300,17681300,18777700,19922900,20626700,21773100,23677800,24824300,26182300,26827100,29096800,29740200,30125100,31264900,32265100,34797100,36190900,38526800,41661199.9999999
IRL,,250900,273900,280800,294900,315500,337400,359200,389500,389200,426499.999999999,465900,536000,534800,582900,585700,537600,552800,586900,601199.999999999,732300,701199.999999999,707200,693499.999999999,685700,704899.999999999,710099.999999999,757500,778199.999999999,767099.999999999,793700,845199.999999999,857499.999999999,833100,869300,917200,933900,1019000,1065500,1146300,1217600,1266900,1338000,1329500,1313900,1355700,1307300,1337800,1368800
IRN,,0,0,0,0,0,0,0,0,0,0,0,1614600,1576700,2016600,2399300,2607700,2971800,3247200,3085700,3577300,3734300,4209600,4935000,4204300,4905100,5300900,5319800,5425000,5458600,6158400,6712399.99999999,7361200,7490800,8107099.99999999,8975199.99999999,9268399.99999999,9374400,9305200,10456400,10907600,11680000,12226500,12807500,13677100,14837700,15636700,16970900,18250400
IRQ,,0,0,0,0,0,0,0,0,0,0,0,438500,497000,511700,513500,559900,690200,722900,867800,1013200,1044400,1084500,1298300,1355500,1437400,1571900,1515400,1610600,1822300,1946500,1783900,1550300,1899500,2152600,2485200,2588500,2608000,2476000,2530600,2459100,2530000,2788800,2891600,3169500,3331700,3292700,3409300,3290000
ISL,,39000,36400,38200,42499.9999999999,42599.9999999999,46100,49000,47299.9999999999,51800,41200,47100,48000,46300,57799.9999999999,57400,52699.9999999999,50500,56599.9999999999,56699.9999999999,62600,59300,55999.9999999999,49400,48899.9999999999,55300,51800,57399.9999999999,61599.9999999998,59600,60900,68800,61299.9999999999,64499.9999999998,68899.9999999999,70199.9999999999,68699.9999999999,77000,74500,76399.9999999998,76899.9999999999,79499.9999999997,78700,82200,81599.9999999998,84899.9999999998,84399.9999999997,89999.9999999999,94199.9999999998
ISR,,0,0,0,0,0,0,0,0,0,0,0,573800,552800,776499.999999999,585599.999999996,702799.999999996,647999.999999997,646399.999999997,683599.999999998,760800,783599.999999993,729399.999999996,790799.999999997,738099.999999995,762400,736500,877199.999999999,967200,1060700,1093700,1126300,1127600,1297800,1361300,1453100,1525600,1569900,1657300,1696400,1651300,1796400,1885400,1875600,1944100,1926200,1987200,2057500,2138500
ITA,,3415900,3943800,4576100,5116900,5689600,6178000,6805700,7520600,8357700,9154099.99999999,10176800,9850799.99999999,10453700,11262000,11421600,10877900,11848300,11473600,11799900,12367300,12263500,11951600,11551900,11533800,11681700,11872100,11964900,12724000,12957200,13567500,13708300,13958800,13827900,13708000,13504800,14811600,14697900,14883100,15273600,15378400,15648400,15646600,15695100,16292100,16395000,16635400,16399500,16132300
JAM,,0,0,0,0,0,0,0,0,0,0,0,173400,228400,266600,246400,242900,217700,214200,221600,233300,205500,209800,204100,176700,173400,147300,149700,154400,157400,199500,230500,231300,246500,248800,253500,273000,288900,287600,305300,313900,325900,334800,324100,337900,340200,320400,383000,445300
JOR,,0,0,0,0,0,0,0,0,0,0,0,48000,52700,59900,63400,73000,94099.9999999999,97100,119700,122900,150300,187900,213800,232000,255300,259500,279899.999999998,298800,293100,295400,319900,330700,372800,369600,396400,423100,434400,443800,458800,457300,485400,478600,502399.999999999,500800,606500,652600,670000,708700
JPN,,7580700,8557199.99999999,9082600,10409400,11739400,12809500,14040900,16725100,18932500,21955300,24883400,25820200,27608200,31186500,30981000,29124700,30817800,31540800,31101600,32665100,31463300,30449900,29705800,29367500,31463500,30745800,30948600,30891200,33546000,34888000,36997000,37089100,37962000,37486600,39686300,40112700,40822900,40792200,39566400,40795900,41649300,40939700,41527300,42406100,42925900,42216000,42095600,42743700
KAZ,,0,0,0,0,0,0,0,0,0,0,0,0,0,0,0,0,0,0,0,0,0,0,0,0,0,0,0,0,0,0,7050700,7243899.99999999,7651100,6402300,5591100,5054700,4390500,3825500,3827600,3499300,3933400,3980500,4322000,4746600,5048400,5536900,6266500,6571500
KEN,,0,0,0,0,0,0,0,0,0,0,0,130900,142300,146199.999999999,148300,149600,164300,173900,176200,179400,187399.999999999,183500,167100,151600,173399.999999999,182099.999999999,205500,216399.999999999,215200,226199.999999999,219199.999999999,207999.999999999,216800,216299.999999999,231299.999999999,228200,215500,255999.999999999,303399.999999999,313399.999999999,329399.999999999,279999.999999999,250399.999999999,245700,313900,334100,381699.999999998,358199.999999999
KGZ,,0,0,0,0,0,0,0,0,0,0,0,0,0,0,0,0,0,0,0,0,0,0,0,0,0,0,0,0,0,0,708899.999999999,636100,443300,319000,199900,160600,194800,184100,200800,156200,150500,131600,165800,169300,185900,178700,174600,191500
KOR,,0,0,0,0,0,0,0,0,0,0,0,1685800,1835300,2143500,2325300,2431400,2704100,3140500,3381200,3888500,4013500,3948100,4187600,4411700,4789200,4885000,5345800,5528300,6339800,6616900,7801700,8429999.99999999,9519799.99999999,10813900,11739700,12797700,13976100,15303200,13470500,14769300,15868700,16036700,16884200,16964300,17468500,16960600,17226400,18191100
KWT,,0,0,0,0,0,0,0,0,0,0,0,581900,894199.999999999,972200,841000,576100,665199.999999999,773500,1004400,1273200,1483300,1311500,1347000,1527200,1351300,1426800,1626400,1604700,1851400,2034600,781699.999999999,489300,991100,1324300,1526600,1604500,1588400,1617699.99999999,1852700,1917500,2002700,1897100,1848900,2216000,2482400,2753500,2470100,2520000
LBN,,0,0,0,0,0,0,0,0,0,0,0,152800,161000,205600,206400,180800,197700,157100,183900,201800,214300,205600,176200,216900,217500,251000,260900,264200,203600,210000,210000,264900,261400,335100,362000,411300,446000,507400,502599.999999999,510000,463300,502700,499600,557100,500500,515100,437200,370000
LBY,,0,0,0,0,0,0,0,0,0,0,0,147300,209600,249300,278800,355100,320700,401200,456000,512600,676500,728400,791700,832300,905600,985199.999999999,996099.999999999,1088400,1030100,1178300,1120500,1344400,1252400,1334800,1485700,1566900,1506600,1559500,1596600,1549000,1643500,1684600,1675100,1716700,1809200,1739700,1747200,1766400
LKA,,0,0,0,0,0,0,0,0,0,0,0,98699.9999999997,123300,128600,103500,98899.9999999999,97299.9999999998,104100,118400,129200,132600,132500,149600,152100,135700,123600,126500,140000,134500,128499.999999999,133000,140800,142500,180600,184400,193000,252400,262399.999999999,275599.999999999,301099.999999999,358299.999999999,349099.999999999,365499.999999999,402600,402900,407699.999999999,394700,422700
LTU,,0,0,0,0,0,0,0,0,0,0,0,0,0,0,0,0,0,0,0,0,0,0,0,0,0,0,0,0,0,0,1221700,1309500,712400,549000,538899.999999999,526300,559300,543400,561099.999999999,482700,421000,465900,465799.999999999,473700,490399.999999999,518499.999999999,523900,572199.999999999
LUX,,330100,333500,332400,335000,358800,354700,340700,337400,362900,392000,396400,390400,399500,425400,438600,355700,361700,347300,376900,353600,328500,283200,264500,245800,264100,272700,268200,260400,268500,291600,304300,325600,327600,332300,316300,267600,274400,262300,248300,259300,276700,289300,326400,343900,383200,392800,392200,376300
LVA,,0,0,0,0,0,0,0,0,0,0,0,0,0,0,0,0,0,0,0,0,0,0,0,0,0,0,0,0,0,0,634900,584200,463300,383399.999999999,333800,303700,292500,284000,277700,245900,230500,256900,249300,265900,270500,275200,289700,299700
MAR,,0,0,0,0,0,0,0,0,0,0,0,217300,238100,274100,301100,316400,346900,384600,410500,440700,447900,452700,476600,498100,515600,524300,540400,552700,582700,637900,651099.999999999,677200,723499.999999999,756800,817099.999999999,812000,848900,875999.999999999,891800,953799.999999999,953499.999999999,1023200,1041700,1029800,1140200,1244000,1257500,1347500
MDA,,0,0,0,0,0,0,0,0,0,0,0,0,0,0,0,0,0,0,0,0,0,0,0,0,0,0,0,0,0,0,1006999.99999999,825699.999999994,682699.999999995,573600,465700,417200,437700,426700,380200,300300,262900,287300,267800,292600,302400,318400,299300,300400
MEX,,0,0,0,0,0,0,0,0,0,0,0,3576100,4020600,4480300,4776400,5107600,5498500,5987700,6790800,7464899.99999999,8594699.99999999,9180500,9630799.99999999,9015300,9413199.99999999,9776100,9378199.99999999,9827500,9945399.99999999,10403500,10674800,11123500,11297700,11257800,11779600,11173200,11562300,11988300,12618800,12855600,12930000,13175700,13646400,14049100,14506500,15538600,15571100,16456500
MLT,,0,0,0,0,0,0,0,0,0,0,0,21100,26400,25500,23400,20900,23800,25300,29500,28400,31800,36000,40900,31200,41200,34400,57400,60300,65000,69600,69500,67200,66400,85000,77100,70900,69800,78400,69100,75300,67600,78700,73300,82500,82000,86000,82000,86700
MMR,,0,0,0,0,0,0,0,0,0,0,0,148600,145900,115900,135600,135500,153000,157999.999999999,157699.999999999,161000,175000,174999.999999999,180399.999999999,177799.999999999,197900,215099.999999999,233400,175500,169100,165900,153299.999999999,153100,147199.999999999,188900,224300,249299.999999999,262299.999999999,271299.999999999,294300,314899.999999999,316299.999999999,259000,285599.999999999,339299.999999999,422999.999999999,553299.999999998,491999.999999999,496799.999999999
MOZ,,0,0,0,0,0,0,0,0,0,0,0,92699.9999999994,83999.9999999994,88999.9999999994,79399.9999999999,72899.9999999999,64800,75899.9999999999,55500,58999.9999999999,74399.9999999995,59399.9999999999,59700,53700,46799.9999999999,46400,45900,46100,46300,45499.9999999999,32399.9999999999,28999.9999999999,32900,37400,33000,35600,35500,42700,35400,38000,48699.9999999999,49900,46299.9999999999,55600,56599.9999999999,51400,55099.9999999999,72899.9999999999
MYS,,0,0,0,0,0,0,0,0,0,0,0,455400,458000,450899.999999999,527700,560300,621800,628900,869200,1043000,1037400,1113900,1127600,1341000,1373100,1376400,1564800,1576100,1658900,1823900,2020600,2423800,2754100,3036600,2993700,3546500,3650500,4306300,4070600,3954900,4651700,4915200,5012399.99999999,5460900,5131500,6221500,6345100,6934100
NAM,,0,0,0,0,0,0,0,0,0,0,0,0,0,0,0,0,0,0,0,0,0,0,0,0,0,0,0,0,0,0,0,40399.9999999999,44200,50199.9999999999,57699.9999999999,60799.9999999999,65999.9999999999,67300,68700,63600,63300,74799.9999999999,79400,84400,89599.9999999999,94699.9999999999,99800,105800
NGA,,0,0,0,0,0,0,0,0,0,0,0,198000,238400,308500,333000,399100,504500,626099.999999997,735700,808299.999999998,926099.999999997,1046400,1183700,1222000,1107700,1162799.99999999,1092099.99999999,1207700,1275600,1365500,1362700,1526100,1714800,1692400,1319000,1481400,1559900,1563099.99999999,1330399.99999999,1491700,1586200,1727400,1864199.99999999,1903399.99999999,1936099.99999999,2246699.99999999,2054599.99999999,2057600
NIC,,0,0,0,0,0,0,0,0,0,0,0,50399.9999999999,51099.9999999999,58699.9999999999,62399.9999999999,63999.9999999999,70399.9999999999,86299.9999999999,79100,52900,62800,64799.9999999999,63599.9999999999,65500,61200,62399.9999999999,72699.9999999998,73199.9999999999,66500,60599.9999999999,59199.9999999999,61099.9999999998,71499.9999999999,71399.9999999999,77300,84299.9999999999,86900,93700,106300,115000,115700,122500,122600,130100,134800,136300,132800,141100
NLD,,2096100,2186500,2456799.99999998,2714000,2848600,3065000,3248099.99999999,3483399.99999999,3874999.99999998,4325400,4903100,5085600,5843299.99999997,6182500,6024400,5798500,6416200,6195600,6364300,6718100,6306900,5968100,5285500,5516200,5855600,5909600,6151900,6297100,6196200,6235900,6301200,6672399.99999999,6561100,6593600,6634000,6734299.99999999,7010900,6860100,6823500,6669800,6864300,7087400,7125400,7352400,7437499.99999999,7331500,7092100,7469800
NOR,,413000,410300,422400,465699.999999999,487299.999999999,537899.999999999,600199.999999999,620300,673199.999999999,747000,834600,810900,835199.999999999,843899.999999999,812899.999999999,843000,901099.999999999,963500,1053600,1036100,1058000,989099.999999999,945099.999999998,964399.999999998,1019600,1038900,1158000,1132400,1045700,1119500,1089900,1145300,1177900,1281800,1222800,1239900,1188200,1308400,1353700,1448600,1365400,1400000,1293900,1580400,1624400,1622700,1728500,1471700
NPL,,0,0,0,0,0,0,0,0,0,0,0,6000,8099.99999999998,11600,10800,9699.99999999997,7899.99999999997,9099.99999999997,8999.99999999997,13600,15800,13800,16400,22000,24000,17800,23800,22300,23600,18700,29300,36000,38600,42200,51400,57800,59999.9999999999,69400,72999.9999999997,97099.9999999998,97099.9999999995,103400,85999.9999999997,92499.9999999994,85700,96999.9999999998,99899.9999999995,102599.999999999
NZL,,327800,340900,322900,346600,396499.999999999,407400,422900,417699.999999999,441699.999999999,465300,493200,470500,538600,571900,620800,576200,651800,699699.999999999,653900,579600,581999.999999999,574800,646999.999999999,658999.999999999,716200,799299.999999999,783599.999999999,784099.999999999,822100,856699.999999999,853999.999999999,880499.999999999,950900,945499.999999999,983499.999999999,1011900,1106300,1165600,1106100,1157300,1180500,1223600,1205100,1158400,1141300,1113400,1134100,1129900
OMN,,0,0,0,0,0,0,0,0,0,0,0,8500,8700,9700,14900,23900,37800,46100,55600,70100,86600,98000,118700,191300,243700,279100,226800,221300,263999.999999999,270100,424700,568799.999999998,593100,622400,613500,612000,621800,656200,700700,809100,870000,963200,1052100,1135900,1107500,1281700,1486700,1547999.99999999
PAK,,0,0,0,0,0,0,0,0,0,0,0,606799.999999999,618199.999999998,658499.999999999,725400,773699.999999998,751999.999999999,814299.999999998,847499.999999998,930399.999999999,1012500,1132000,1252500,1337100,1381900,1504900,1580200,1850200,1973900,2150900,2258900,2325100,2520700,2721000,2833200,3003300,3231700,3303999.99999999,3359900,3655300,3712900,3759299.99999999,3769499.99999999,3980300,4396499.99999999,4498999.99999999,4755000,5173400
PAN,,0,0,0,0,0,0,0,0,0,0,0,133200,151000,168700,163900,131700,126600,122300,114000,123100,87900,93900,108700,121800,102400,94999.9999999999,97399.9999999999,108600,96600,87099.9999999999,87100,99500,120800,120700,131500,137600,142600,151800,191200,182100,181300,210100,183200,193100,181800,188300,214600,213900
PER,,0,0,0,0,0,0,0,0,0,0,0,531499.999999999,527900,559500,606100,643199.999999999,655000,687399.999999999,653500,647800,722299.999999999,717799.999999999,721600,627600,644399.999999999,625199.999999999,663499.999999999,705400,710000,638500,616100,598400,596300,650000,681800,753100,785500,750899.999999999,803000,872899.999999999,849799.999999999,792000,794900,768599.999999999,888799.999999999,960400,895000,982899.999999999
PHL,,0,0,0,0,0,0,0,0,0,0,0,814299.999999999,799499.999999999,935999.999999998,910000,992299.999999999,1052900,1120000,1122000,1165900,1107500,1038600,1016900,1122700,803899.999999998,853099.999999999,872299.999999998,1007400,1103700,1195400,1260100,1287900,1467000,1497000,1698000,1899000,2000200,2168900,2174600,2114600,2160800,2124600,2209300,2264200,2209000,2264400,2182100,2279500
POL,,5322700,5579300,5895300,5997800,6232400,6466199.99999999,6672700,6915800,7272400,7802299.99999999,8205800,8474600,8750400,9163399.99999999,9579800,10153200,10704400,11124200,12058600,12442100,12522400,11482600,12224200,12119100,11707700,12290200,12696300,13049800,12934900,12112700,10084400,9903700,9663399.99999999,9648900,9172099.99999999,9495099.99999999,9922799.99999999,9790900,9143299.99999999,8924200,8541599.99999999,8576999.99999999,8481499.99999999,8732899.99999999,8742099.99999999,8838499.99999999,9266600,9206999.99999999
PRK,,0,0,0,0,0,0,0,0,0,0,0,1794500,1865200,1905200,1993800,2064800,2199100,2323100,2503900,2687400,2859100,2938100,3075200,3193100,3273200,3402100,3337800,3201300,3250900,3236800,3092600,2944800,2551600,2336000,2112500,1975700,1723800,1651400,1531700,1660200,1790400,1856100,1774100,1810300,1849900,1928100,1953500,1619500
PRT,,201000,226400,225300,252700,264900,284000,284400,312900,321400,379400,451600,502799.999999999,517300,562799.999999999,591100,647600,696799.999999999,651899.999999999,712000,792499.999999999,842000,846799.999999999,946100,949899.999999999,943200,892599.999999999,1021100,1034700,1069500,1327900,1345800,1365400,1505600,1455100,1472800,1681400,1615600,1711900,1908400,2121900,2074700,2069700,2201800,2055400,2137700,2226600,1986600,1983100
PRY,,0,0,0,0,0,0,0,0,0,0,0,19999.9999999999,21699.9999999999,25299.9999999999,22099.9999999999,24099.9999999999,26799.9999999999,38099.9999999999,48000,45799.9999999998,47499.9999999999,44399.9999999999,44499.9999999999,41199.9999999999,47100,48599.9999999999,50500,54999.9999999999,62299.9999999998,62299.9999999998,65499.9999999999,63899.9999999999,75299.9999999999,87199.9999999999,102100,115900,114700,127300,133500,133400,108600,112900,118600,122900,124500,114800,118900,123400
QAT,,0,0,0,0,0,0,0,0,0,0,0,92600,101800,143200,123100,208300,155800,176200,162200,281600,347400,422400,509800,532700,600200,605400,636200,652399.999999999,682900,695500,688099.999999999,759500,787499.999999999,818500,825699.999999999,868700,910800,1041600,1094300,1163100,1146300,1283200,1311500,1422400,1655100,1639300,1839500,2218600
ROM,,0,0,0,0,0,0,0,0,0,0,0,4062600,4222500,4612200,4630800,4995500,5416700,5756000,6217000,6186500,6315000,6275000,6262500,6330300,6261600,6237300,6429299.99999999,6712200,6716500,6668499.99999999,5985600,4876000,4473300,4300300,4045200,4309600,4313400,3830500,3458000,3041600,3068500,3221300,3247800,3375100,3235800,3206200,3387600,3221800
RUS,,0,0,0,0,0,0,0,0,0,0,0,0,0,0,0,0,0,0,0,0,0,0,0,0,0,0,0,0,0,0,81192000,80097100,72012999.9999999,68486900,59987500,57512600,56997499.9999999,54359300,53143400,54638899.9999999,55514800,56026599.9999999,55614399.9999999,57695600,57727600,58178100,59878399.9999999,60027599.9999999
SAU,,0,0,0,0,0,0,0,0,0,0,0,755300,641999.999999999,750500,843500,919899.999999999,1105500,1252500,1755900,2296700,3158600,4221000,4731300,5171200,4545600,4674000,5053900,5440700,6244600,6228300,5924500,7021200,7919299.99999999,8237400,8687899.99999999,8693100,9300899.99999999,9288200,9883400,10037400,10487200,10924400,12093500,12117000,13017900,13873700,14519200,15032100
SDN,,0,0,0,0,0,0,0,0,0,0,0,136000,136200,145500,140000,128500,111800,116999.999999999,110600,99299.9999999997,127600,116500,134999.999999999,129399.999999999,123000,143500,140300,110199.999999999,154899.999999999,140499.999999999,185500,170500,157400,114400,164200,158000,159300,177400,183300,313800,235400,230299.999999999,296399.999999999,347799.999999999,388099.999999999,398499.999999999,353999.999999999,386199.999999999
SEN,,0,0,0,0,0,0,0,0,0,0,0,41700,42799.9999999999,48000,50899.9999999999,53499.9999999999,55899.9999999999,58900,58599.9999999999,64599.9999999999,67599.9999999999,65800,63699.9999999999,63300,70699.9999999999,64199.9999999999,70700,80699.9999999999,71299.9999999999,69599.9999999999,72899.9999999999,70899.9999999998,80799.9999999999,79499.9999999999,77500,85199.9999999999,86799.9999999999,95400,103600,112000,120600,138000,137600,130900,149300,153900,153100,142000
SGP,,0,0,0,0,0,0,0,0,0,0,0,272100,337100,374900,400300,370700,387600,409000,520899.999999999,507900,513499.999999995,538200,525800,588700,671000,676999.999999997,712099.999999998,758299.999999999,841499.999999994,841900,1145600,1286300,1462100,1798499.99999999,2206400,1885100,1979300,2301400,2037100,1974900,1933200,2013099.99999998,2145900,1981100,2272000,2768800,2711699.99999999,2675499.99999998
SLV,,0,0,0,0,0,0,0,0,0,0,0,49700,57899.9999999999,64799.9999999999,62999.9999999999,69899.9999999998,70900,73000,75799.9999999997,72799.9999999999,60700,57299.9999999998,56299.9999999998,56199.9999999999,57499.9999999999,61700,62099.9999999998,74299.9999999998,73000,77900,77599.9999999999,99800,108100,124300,140700,157000,138400,169400,179900,177600,177900,183200,182400,198900,192300,197500,198600,204500
SVK,,0,0,0,0,0,0,0,0,0,0,0,1371600,1428500,1491200,1549900,1616300,1672100,1767200,1858100,1839800,1800900,1742400,1681700,1686100,1758200,1760300,1705700,1756700,1777200,1759400,1740900,1543900,1462600,1395300,1328800,1397100,1413400,1414900,1377700,1340700,1286700,1358800,1357100,1345300,1325400,1358000,1321300,1262800
SVN,,0,0,0,0,0,0,0,0,0,0,0,0,0,0,0,0,0,0,0,0,0,0,0,0,0,0,0,0,0,0,402500,381800,369500,391900,399300,436000,460200,488000,473800,475900,450300,473799.999999999,477200,482000,494099.999999999,500399.999999999,508800,506800
SWE,,1504800,1500200,1598700,1756500,1874500,1998800,2194500,2168900,2463400,2751700,3081000,2851500,2876500,2953500,2755400,2730900,2977100,2869400,2672600,2857900,2434300,2339000,2124200,1989100,1918100,2051100,2054600,1936500,1977700,1857500,1760200,1729900,1717900,1714000,1835700,1854300,1890100,1788600,1790400,1747600,1657000,1717900,1939200,1848600,1831800,1743700,1677400,1661200
SYR,,0,0,0,0,0,0,0,0,0,0,0,263199.999999999,225100,233000,290600,339600,389400,432200,461500,582700,488700,576199.999999999,684700,783700,896999.999999999,837800,859300,957000,984800,997000,1114700,1275700,1285200,1286000,1286900,1381100,1377600,1479200,1653700,1717900,1714200,1660300,1753100,1745400,1750000,1719900,1820700,1933000
TGO,,0,0,0,0,0,0,0,0,0,0,0,11300,11799.9999999999,9999.99999999999,8999.99999999994,10500,8899.99999999999,11299.9999999999,11600,14199.9999999999,12599.9999999999,11999.9999999999,14400,9999.99999999997,11400,9899.99999999994,15899.9999999999,17299.9999999999,16799.9999999999,17000,19000,17200,12500,8399.99999999999,19699.9999999999,19599.9999999999,31299.9999999998,21899.9999999999,27799.9999999999,36399.9999999999,31399.9999999998,26499.9999999999,29399.9999999999,36499.9999999998,34299.9999999998,32700,28600,31499.9999999998
THA,,0,0,0,0,0,0,0,0,0,0,0,591599.999999999,647500,752000,727999.999999999,734300,836499.999999998,918699.999999999,1022200,1063000,1118400,1080800,1058200,1161300,1293600,1412000,1446200,1667000,1915000,2196000,2685800,2976500,3257400,3685300,4126900,4756900,5395999.99999999,5572099.99999999,5202400,5547800,5693800,6178500,6600900,7157300,7737400,7956699.99999999,8149499.99999999,8444899.99999999
TJK,,0,0,0,0,0,0,0,0,0,0,0,0,0,0,0,0,0,0,0,0,0,0,0,0,0,0,0,0,0,0,405000,382000,337700,279900,187500,173000,174400,185100,195000,196800,152900,165400,160200,173700,192600,202200,220800,241900
TKM,,0,0,0,0,0,0,0,0,0,0,0,0,0,0,0,0,0,0,0,0,0,0,0,0,0,0,0,0,0,0,1999700,1734600,1169500,1099500,1375499.99999999,1407199.99999999,1243199.99999999,1253700,1219499.99999999,1442700,1457399.99999999,1521099.99999999,1546000,1726299.99999999,1575699.99999999,1662899.99999998,1660699.99999999,1819800
TTO,,0,0,0,0,0,0,0,0,0,0,0,259800,264700,261600,263700,228700,254000,288300,347300,359900,379800,403600,405900,420600,475600,504800,526300,493700,543300,527600,592299.999999999,589200,648300,626100,627299.999999999,627000,717900,684600,797700,933500,976500,1009400,1074300,1109000,1235300,1265400,1419700,1527100
TUN,,0,0,0,0,0,0,0,0,0,0,0,123600,138500,145300,166500,172700,186000,205000,228400,250800,276300,285400,278600,322700,344500,358000,351300,355800,376400,373300,430700,423600,477600,460000,498000,504800,527299.999999999,543000,595600,614600,636500,673900,680900,697499.999999999,736800,709400,734800,762400
TUR,,472500,479099.999999999,581400,642699.999999999,708299.999999999,774600,901799.999999999,952899.999999999,1027500,1117800,1195700,1348400,1551300,1763100,1829100,1936600,2128600,2390100,2344500,2146800,2261300,2270300,2432300,2636000,2760600,3011100,3303200,3698500,3645700,3916700,4316200,4243100,4369499.99999999,4630300,4586600,5082899.99999999,5571700,5906299.99999999,5994500,5949999.99999999,6594200,6065500,6392199.99999999,6775400,7012700,7432400,8279399.99999999,9050299.99999999
TZA,,0,0,0,0,0,0,0,0,0,0,0,70500,76199.9999999999,78299.9999999994,71400,64799.9999999999,70199.9999999999,66700,70299.9999999999,70999.9999999999,71899.9999999999,68200,64700,65499.9999999999,64800,64900,68300,66700,64599.9999999999,65300,67199.9999999999,67000,61300,68600,69000,98499.9999999999,92500,86500,72800,70499.9999999999,74399.9999999999,89600,103100,108400,126300,175000,193399.999999999,187399.999999999
UKR,,0,0,0,0,0,0,0,0,0,0,0,0,0,0,0,0,0,0,0,0,0,0,0,0,0,0,0,0,0,0,23116700,23130700,19911900,17311300,14612200,14419900,12838300,12159700,11437500,11494100,11262600,11312400,11429600,12260100,12022300,11899400,11261500,11219800
URY,,0,0,0,0,0,0,0,0,0,0,0,189400,196800,184600,182500,192300,194200,189900,194500,214300,197400,183100,156600,128800,116700,111400,109800,120700,150400,161000,132100,150600,172800,151800,136900,156100,185800,184800,191600,227300,201500,160000,141800,141400,183100,188400,216200,197200
USA,,97368999.9999999,98518199.9999999,102984800,108502100,112817500,117490300,124330900,129883200,136180300,142455700,148871500,151831600,158955900,164304800,159265400,153941800,164267000,168652800,172318900,172042600,164994700,159396400,151422600,150565900,156047200,156657000,155258700,161367900,167128800,169613200,165344500,165239700,168241400,172766300,175858100,177092400,181654100,185557000,186327100,190597500,196232000,193479100,195911400,195396700,199077100,199924500,197273200,200228000
UZB,,0,0,0,0,0,0,0,0,0,0,0,0,0,0,0,0,0,0,0,0,0,0,0,0,0,0,0,0,0,0,4597900,4759100,4476600,4639700,4591100,4214628,4343456,4427300,4924290.8,5059200,4976200,5014600,5232249,5030500,4887100,4647700,4791700,4813900
VEN,,0,0,0,0,0,0,0,0,0,0,0,1866600,1803500,2024900,2354700,2378200,2454846,2634302.4,2836700,2984805,3380127,3599085.6,3593527.2,3850173.6,3771522.2,3702852.6,3852293.5,3789696.6,3639700,3707092.6,3986746.5,4098355.8,4582948.4,4270248.4,4941778.5,4664278.4,5005740.6,4963879.3,5233900,4899946,5046499.99999999,5212735.5,5181799.99999999,4715350.2,4980384.9,5233478.1,5334087.5,5596811
VNM,,0,0,0,0,0,0,0,0,0,0,0,491099.999999999,485600,526499.999999999,418999.999999998,479299.999999999,315099.999999999,341899.999999999,352299.999999999,374900,412200,410899.999999999,444900,478199.999999999,473999.999999999,474199.999999998,525399.999999999,594599.999999998,578799.999999998,493399.999999999,496299.999999999,488899.999999998,534599.999999998,627299.999999999,694799.999999998,817500,922099.999999999,1063800,1194200,1225400,1343900,1484200,1765500,1900600,2475200,2523100,2643300,2867799.99999999
YEM,,0,0,0,0,0,0,0,0,0,0,0,68700,52600,92100,74800,63800,78699.9999999999,85500,90499.9999999999,91899.9999999999,121200,119200,141300,150000,157700,166900,181100,215800,230200,236100,243700,298200,326300,281400,294200,334000,341200,363000,388300,439400,466300,518500,501800,557700,609500,649799.999999999,678099.999999999,713500
ZAF,,0,0,0,0,0,0,0,0,0,0,0,4044100,4100200,4366400,4543400,4770199.99999999,4959300,5010400,5298500,5461100,5795100,6448200,7080000,7176000,7709199.99999999,7673100,7950999.99999999,8239999.99999999,8470800,7960699.99999999,7826800,8198499.99999999,7588300,8208199.99999999,8630699.99999999,9075899.99999999,9105399.99999999,9197199.99999999,9253499.99999999,9228700,9414699.99999999,9227899.99999999,8777000,10073000,11202000,11042100,11295700,11787100
ZAR,,0,0,0,0,0,0,0,0,0,0,0,81999.9999999999,83999.9999999997,89199.9999999998,90799.9999999995,91499.9999999996,84699.9999999998,89099.9999999995,91500,106099.999999999,89099.9999999993,109000,86599.9999999999,116300,136499.999999999,106199.999999999,95899.9999999999,107699.999999999,115199.999999999,100900,131700,126799.999999999,117600,111000,79200,94899.9999999999,98799.9999999999,86199.9999999999,78900,69199.9999999999,61499.9999999999,64399.9999999999,65599.9999999998,67699.9999999999,69999.9999999999,72200,74000,76499.9999999999
ZMB,,0,0,0,0,0,0,0,0,0,0,0,99299.9999999997,111300,122100,125200,93999.9999999999,126500,110500,104100,95599.9999999999,102600,97099.9999999995,96000,93699.9999999998,90399.9999999996,89999.9999999997,88999.9999999999,89499.9999999996,102100,99799.9999999995,84399.9999999996,89199.9999999998,87199.9999999995,76100,68599.9999999999,67199.9999999995,55700,72399.9999999998,70499.9999999998,55900,55100,60400,62499.9999999999,65500,68299.9999999999,71499.9999999999,75399.9999999994,79599.9999999998
ZWE,,0,0,0,0,0,0,0,0,0,0,0,216400,206500,238600,227800,214500,235700,211700,204800,203700,223600,220000,214300,223200,228699.999999999,262700,304300,382900,382999.999999999,386999.999999999,416499.999999999,466200,481800,445600,422699.999999999,428700,412200,388600,394900,439399.999999999,357699.999999999,342600,327599.999999999,293699.999999999,270300,292200,278899.999999999,263199.999999999